customerId,firstName,lastName,DOB,phoneNumber,email,points
901,Sue,Jones,1999-01-07,979-469-9309,sue.jones8@example.com,568
902,John,Davis,1996-01-21,979-811-9213,john.davis19@example.com,378
903,Mike,Brown,2004-05-22,979-134-8125,mike.brown44@example.com,442
904,Peter,Moore,1995-04-13,979-489-2345,peter.moore90@example.com,21
905,John,Wilson,2001-01-25,979-669-1185,john.wilson76@example.com,122
906,Peter,Miller,2001-05-11,979-595-9343,peter.miller10@example.com,853
907,Mike,Doe,2001-02-09,979-996-1521,mike.doe28@example.com,674
908,Peter,Doe,1995-08-28,979-196-5846,peter.doe78@example.com,206
909,Peter,Davis,1999-12-23,979-346-2588,peter.davis3@example.com,996
910,Sue,Brown,2003-05-16,979-926-7032,sue.brown24@example.com,551
911,Chris,Lee,1995-10-26,979-311-3388,chris.lee73@example.com,441
912,Alex,Smith,2000-02-15,979-368-8136,alex.smith20@example.com,576
913,Alex,Smith,2005-06-03,979-330-5113,alex.smith21@example.com,168
914,Mary,Williams,1995-03-22,979-660-4197,mary.williams61@example.com,364
915,Jane,Doe,2004-11-24,979-480-9808,jane.doe76@example.com,852
916,Mary,Doe,1997-01-12,979-627-5114,mary.doe90@example.com,912
917,Mike,Williams,2004-05-21,979-261-1632,mike.williams9@example.com,203
918,Mary,Wilson,1999-10-20,979-761-2489,mary.wilson67@example.com,713
919,Chris,Davis,2000-11-06,979-787-1762,chris.davis97@example.com,570
920,Sue,Davis,1997-06-24,979-793-9466,sue.davis47@example.com,802
921,Alex,Lee,1995-02-02,979-669-2846,alex.lee25@example.com,302
922,Taylor,Brown,2005-10-18,979-274-8617,taylor.brown57@example.com,1
923,Jane,Lee,1997-03-14,979-606-8354,jane.lee21@example.com,784
924,Mike,Smith,1996-08-06,979-760-8067,mike.smith10@example.com,222
925,Mary,Moore,1999-02-25,979-560-5848,mary.moore58@example.com,965
926,Peter,Jones,2004-10-01,979-772-2250,peter.jones21@example.com,101
927,Chris,Miller,2002-05-26,979-498-8667,chris.miller59@example.com,256
928,Taylor,Moore,2002-05-09,979-418-2744,taylor.moore54@example.com,684
929,Taylor,Wilson,1997-02-08,979-264-8152,taylor.wilson92@example.com,499
930,Sue,Brown,2000-09-17,979-203-3687,sue.brown74@example.com,960
931,Sue,Jones,2003-08-28,979-416-9046,sue.jones3@example.com,757
932,Pat,Moore,2003-05-26,979-690-9432,pat.moore63@example.com,926
933,Mary,Miller,1995-01-04,979-353-1379,mary.miller64@example.com,747
934,Peter,Wilson,2001-05-06,979-287-4606,peter.wilson97@example.com,302
935,Jane,Jones,2002-11-16,979-606-3641,jane.jones45@example.com,856
936,Chris,Wilson,2001-11-01,979-148-9059,chris.wilson15@example.com,751
937,Sue,Smith,2000-08-18,979-903-8549,sue.smith49@example.com,548
938,John,Doe,1996-11-05,979-110-5705,john.doe10@example.com,602
939,Sue,Davis,1998-10-08,979-625-9352,sue.davis91@example.com,529
940,Taylor,Miller,1999-03-12,979-169-5451,taylor.miller90@example.com,463
941,Chris,Brown,2002-10-25,979-739-4482,chris.brown45@example.com,900
942,Taylor,Brown,2001-07-06,979-164-4716,taylor.brown94@example.com,524
943,Sue,Jones,2004-01-26,979-555-1576,sue.jones33@example.com,600
944,Chris,Lee,2003-07-02,979-629-2868,chris.lee31@example.com,279
945,Alex,Doe,1999-06-19,979-291-3687,alex.doe42@example.com,552
946,Mike,Moore,2005-05-16,979-964-9965,mike.moore52@example.com,966
947,Sue,Williams,1997-09-07,979-258-2869,sue.williams85@example.com,350
948,Chris,Wilson,2003-07-02,979-351-6965,chris.wilson22@example.com,769
949,Jane,Doe,2000-02-17,979-986-3003,jane.doe28@example.com,574
950,Jane,Jones,2003-02-04,979-997-4768,jane.jones32@example.com,709
951,Mary,Williams,2001-06-10,979-713-8109,mary.williams69@example.com,616
952,Taylor,Miller,2003-02-05,979-128-9300,taylor.miller29@example.com,475
953,Taylor,Williams,1998-11-24,979-252-5520,taylor.williams57@example.com,50
954,Alex,Moore,1999-08-03,979-306-7670,alex.moore57@example.com,173
955,Pat,Wilson,1998-05-10,979-513-7365,pat.wilson99@example.com,179
956,Sue,Davis,2003-12-14,979-707-8575,sue.davis68@example.com,163
957,Peter,Jones,2002-01-08,979-484-4500,peter.jones28@example.com,946
958,Alex,Miller,1998-04-10,979-229-5449,alex.miller56@example.com,466
959,Chris,Moore,1997-04-16,979-461-3618,chris.moore14@example.com,391
960,Mike,Davis,2002-07-01,979-270-3913,mike.davis53@example.com,382
961,Peter,Jones,1999-09-03,979-492-2007,peter.jones6@example.com,412
962,Jane,Miller,2000-01-24,979-863-9261,jane.miller56@example.com,907
963,John,Doe,1999-07-05,979-269-5563,john.doe26@example.com,779
964,Chris,Moore,2003-01-08,979-216-2525,chris.moore49@example.com,573
965,Sue,Brown,1999-09-05,979-657-1262,sue.brown9@example.com,539
966,Mike,Lee,2003-03-18,979-912-5232,mike.lee27@example.com,812
967,John,Jones,2005-05-05,979-884-7179,john.jones36@example.com,234
968,Peter,Jones,1999-09-21,979-189-3168,peter.jones62@example.com,638
969,Chris,Miller,1998-03-07,979-353-4724,chris.miller20@example.com,780
970,Alex,Williams,2001-02-21,979-857-5080,alex.williams45@example.com,845
971,Mike,Smith,1995-03-04,979-439-8013,mike.smith71@example.com,452
972,Taylor,Miller,2002-04-10,979-974-7506,taylor.miller65@example.com,989
973,Chris,Lee,2005-05-01,979-145-6518,chris.lee90@example.com,438
974,Pat,Moore,1997-04-21,979-282-5528,pat.moore3@example.com,548
975,John,Wilson,1999-06-04,979-225-5049,john.wilson75@example.com,934
976,Chris,Miller,1997-06-21,979-532-1678,chris.miller41@example.com,501
977,Mary,Smith,1997-06-06,979-304-2229,mary.smith19@example.com,61
978,Taylor,Davis,2004-03-07,979-433-2807,taylor.davis23@example.com,248
979,Peter,Doe,1997-09-01,979-776-3654,peter.doe79@example.com,217
980,Pat,Lee,2003-03-27,979-646-9224,pat.lee36@example.com,250
981,Chris,Doe,1996-02-16,979-405-3617,chris.doe97@example.com,809
982,Alex,Miller,2004-12-16,979-948-4490,alex.miller51@example.com,675
983,Mary,Doe,2003-04-12,979-238-5521,mary.doe87@example.com,944
984,Pat,Brown,2002-05-19,979-667-3231,pat.brown20@example.com,517
985,Chris,Doe,2004-12-21,979-623-3293,chris.doe58@example.com,711
986,Pat,Davis,2004-01-03,979-160-9380,pat.davis76@example.com,214
987,Chris,Doe,1997-12-11,979-703-4939,chris.doe32@example.com,662
988,Mary,Doe,1997-05-28,979-186-7434,mary.doe77@example.com,325
989,Mary,Wilson,1996-12-28,979-954-4548,mary.wilson54@example.com,963
990,Sue,Smith,2001-10-23,979-476-9921,sue.smith42@example.com,778
991,Mary,Davis,1998-09-15,979-349-1620,mary.davis76@example.com,226
992,Pat,Brown,2003-06-03,979-128-8829,pat.brown38@example.com,599
993,Sue,Miller,2002-06-04,979-224-9825,sue.miller49@example.com,298
994,John,Davis,1995-09-07,979-593-8582,john.davis41@example.com,596
995,Jane,Smith,2002-07-20,979-679-3374,jane.smith47@example.com,279
996,Alex,Smith,1998-03-11,979-831-5177,alex.smith31@example.com,938
997,John,Williams,2005-02-06,979-198-8865,john.williams29@example.com,121
998,Peter,Doe,1995-08-10,979-838-9640,peter.doe64@example.com,152
999,Mike,Smith,2002-06-26,979-794-1636,mike.smith33@example.com,537
1000,Jane,Doe,1998-02-05,979-782-5681,jane.doe18@example.com,444
1001,Mike,Wilson,2001-01-08,979-550-2423,mike.wilson32@example.com,605
1002,Mary,Doe,1999-07-25,979-399-7012,mary.doe69@example.com,815
1003,Jane,Doe,2001-12-10,979-438-5518,jane.doe83@example.com,556
1004,Jane,Miller,2000-05-07,979-429-8955,jane.miller10@example.com,740
1005,Pat,Jones,2003-02-04,979-589-4560,pat.jones78@example.com,985
1006,Taylor,Williams,2003-03-12,979-906-6333,taylor.williams99@example.com,711
1007,Mary,Miller,1995-02-23,979-133-9111,mary.miller61@example.com,832
1008,Pat,Williams,1998-05-26,979-909-6381,pat.williams32@example.com,825
1009,Pat,Wilson,2000-06-28,979-990-4090,pat.wilson48@example.com,169
1010,Chris,Moore,2002-10-10,979-711-1652,chris.moore20@example.com,699
1011,Alex,Lee,2001-11-17,979-839-1972,alex.lee60@example.com,255
1012,Alex,Brown,1998-03-10,979-302-1306,alex.brown46@example.com,997
1013,Jane,Doe,2001-06-02,979-343-4058,jane.doe67@example.com,625
1014,Peter,Smith,2004-08-16,979-725-6637,peter.smith85@example.com,104
1015,Mary,Williams,1995-05-10,979-545-5636,mary.williams98@example.com,6
1016,John,Moore,2001-03-16,979-952-2602,john.moore38@example.com,572
1017,Pat,Davis,2005-07-02,979-408-9497,pat.davis74@example.com,955
1018,Mike,Miller,2003-06-12,979-931-9483,mike.miller34@example.com,884
1019,Mary,Moore,2004-08-06,979-712-2786,mary.moore77@example.com,161
1020,Sue,Williams,1999-04-23,979-803-6627,sue.williams73@example.com,110
1021,John,Williams,1995-09-06,979-268-6101,john.williams86@example.com,612
1022,Chris,Miller,2001-10-14,979-130-5921,chris.miller60@example.com,283
1023,Chris,Miller,1996-09-15,979-424-9045,chris.miller23@example.com,42
1024,John,Miller,2003-10-28,979-441-2638,john.miller84@example.com,496
1025,Alex,Williams,2002-03-22,979-551-9456,alex.williams86@example.com,966
1026,Peter,Smith,2005-01-23,979-219-7601,peter.smith44@example.com,830
1027,Chris,Miller,1998-09-23,979-971-7902,chris.miller69@example.com,592
1028,Mary,Jones,1996-12-16,979-111-7332,mary.jones45@example.com,721
1029,Mary,Davis,1999-02-06,979-217-2988,mary.davis24@example.com,589
1030,Chris,Davis,1997-08-02,979-267-2720,chris.davis30@example.com,283
1031,Chris,Smith,2003-01-20,979-245-5482,chris.smith56@example.com,76
1032,Alex,Jones,2000-10-18,979-426-6822,alex.jones52@example.com,493
1033,John,Lee,1999-04-19,979-935-2491,john.lee43@example.com,759
1034,Sue,Smith,2003-02-04,979-678-9105,sue.smith32@example.com,216
1035,Taylor,Doe,1997-09-13,979-502-1375,taylor.doe5@example.com,146
1036,Mike,Brown,1997-03-09,979-978-2569,mike.brown32@example.com,50
1037,Jane,Miller,2000-12-17,979-343-1057,jane.miller86@example.com,701
1038,Chris,Miller,1996-11-18,979-489-3653,chris.miller86@example.com,141
1039,Peter,Brown,1999-02-13,979-968-5210,peter.brown59@example.com,386
1040,Jane,Williams,2005-11-17,979-373-2874,jane.williams77@example.com,634
1041,Peter,Wilson,1999-06-03,979-756-9371,peter.wilson23@example.com,606
1042,Mary,Doe,1999-05-10,979-812-3518,mary.doe16@example.com,293
1043,Jane,Moore,2004-06-28,979-273-1508,jane.moore78@example.com,312
1044,Jane,Moore,1996-07-05,979-633-2835,jane.moore44@example.com,857
1045,Alex,Brown,1999-09-23,979-512-4687,alex.brown95@example.com,365
1046,Chris,Brown,2002-09-24,979-659-2037,chris.brown24@example.com,576
1047,Mary,Brown,2003-08-19,979-363-5827,mary.brown39@example.com,655
1048,Jane,Lee,2000-09-02,979-338-7125,jane.lee2@example.com,567
1049,Sue,Brown,2005-12-27,979-533-8969,sue.brown63@example.com,142
1050,Taylor,Wilson,1996-04-04,979-270-8233,taylor.wilson74@example.com,62
1051,Pat,Smith,2002-10-20,979-375-1676,pat.smith73@example.com,429
1052,Chris,Brown,1996-09-14,979-408-4809,chris.brown80@example.com,0
1053,Jane,Doe,1995-11-05,979-785-5882,jane.doe42@example.com,726
1054,Mary,Lee,2000-12-19,979-751-4974,mary.lee97@example.com,244
1055,Chris,Wilson,2000-07-27,979-414-2609,chris.wilson20@example.com,721
1056,Sue,Williams,2000-01-08,979-443-4213,sue.williams45@example.com,931
1057,Sue,Jones,1995-08-25,979-258-8438,sue.jones29@example.com,491
1058,John,Jones,1996-03-10,979-457-8298,john.jones37@example.com,283
1059,Alex,Brown,1998-11-08,979-146-5207,alex.brown99@example.com,980
1060,Mary,Wilson,1997-06-14,979-837-3299,mary.wilson72@example.com,132
1061,Alex,Brown,2002-02-04,979-371-4178,alex.brown36@example.com,296
1062,Pat,Miller,1995-04-18,979-127-3946,pat.miller70@example.com,682
1063,Alex,Wilson,1997-04-24,979-414-4421,alex.wilson75@example.com,864
1064,Pat,Lee,2002-09-01,979-232-1073,pat.lee77@example.com,43
1065,Pat,Jones,2003-07-14,979-675-5611,pat.jones73@example.com,937
1066,Mike,Smith,2004-03-10,979-107-8396,mike.smith34@example.com,981
1067,Peter,Jones,1995-02-12,979-440-7976,peter.jones26@example.com,181
1068,Pat,Moore,1996-12-05,979-147-8585,pat.moore24@example.com,664
1069,Alex,Brown,2003-07-13,979-908-3487,alex.brown76@example.com,818
1070,Mary,Williams,1995-11-21,979-279-1588,mary.williams67@example.com,190
1071,Mike,Smith,2000-11-17,979-325-4239,mike.smith17@example.com,950
1072,Peter,Wilson,2004-01-22,979-803-9575,peter.wilson99@example.com,182
1073,John,Moore,1996-06-27,979-104-6755,john.moore2@example.com,321
1074,John,Davis,1998-07-02,979-526-1415,john.davis12@example.com,58
1075,Taylor,Miller,2005-05-26,979-159-4485,taylor.miller76@example.com,988
1076,Chris,Miller,1998-09-24,979-477-6439,chris.miller16@example.com,530
1077,Chris,Doe,2002-08-16,979-493-8783,chris.doe98@example.com,713
1078,Alex,Lee,1999-06-27,979-768-7832,alex.lee16@example.com,516
1079,Peter,Doe,1999-11-10,979-796-1868,peter.doe84@example.com,329
1080,Mike,Moore,2002-08-19,979-385-4043,mike.moore92@example.com,932
1081,Jane,Moore,1995-01-15,979-158-1847,jane.moore6@example.com,891
1082,Sue,Lee,2002-11-07,979-901-4777,sue.lee62@example.com,669
1083,Alex,Lee,1996-03-25,979-803-1581,alex.lee29@example.com,441
1084,Jane,Doe,2000-01-21,979-284-7490,jane.doe36@example.com,284
1085,Chris,Doe,2001-02-11,979-591-6298,chris.doe43@example.com,616
1086,Mary,Davis,2002-03-06,979-178-7151,mary.davis55@example.com,304
1087,Sue,Smith,2000-02-01,979-656-4973,sue.smith62@example.com,29
1088,Mary,Smith,2000-11-21,979-229-2110,mary.smith49@example.com,734
1089,Jane,Lee,1999-02-02,979-527-7540,jane.lee48@example.com,268
1090,Mary,Smith,2005-12-27,979-541-1495,mary.smith42@example.com,334
1091,Taylor,Williams,1999-03-16,979-417-4190,taylor.williams32@example.com,664
1092,Jane,Brown,1995-05-25,979-821-3858,jane.brown90@example.com,790
1093,Taylor,Lee,2001-10-12,979-999-9733,taylor.lee24@example.com,125
1094,Taylor,Davis,2003-12-20,979-888-9995,taylor.davis50@example.com,791
1095,Mary,Wilson,2004-08-28,979-115-9280,mary.wilson41@example.com,464
1096,Jane,Brown,1997-10-12,979-694-6350,jane.brown33@example.com,509
1097,Jane,Lee,2005-02-17,979-876-1337,jane.lee8@example.com,253
1098,Chris,Doe,1996-09-17,979-646-2686,chris.doe86@example.com,519
1099,Taylor,Williams,2003-12-10,979-906-8599,taylor.williams74@example.com,872
1100,Taylor,Williams,2002-01-27,979-491-2742,taylor.williams8@example.com,853
1101,Pat,Jones,2000-05-14,979-160-5797,pat.jones75@example.com,729
1102,Mary,Jones,1997-02-11,979-424-2905,mary.jones51@example.com,504
1103,Peter,Moore,2004-10-28,979-479-1044,peter.moore52@example.com,565
1104,Jane,Wilson,1996-12-02,979-720-2661,jane.wilson9@example.com,455
1105,Alex,Brown,2000-03-03,979-437-3225,alex.brown53@example.com,404
1106,Alex,Moore,2002-07-17,979-843-6327,alex.moore25@example.com,440
1107,Mary,Lee,1996-11-27,979-315-8938,mary.lee1@example.com,703
1108,Peter,Davis,2005-08-09,979-641-2087,peter.davis92@example.com,715
1109,Mike,Williams,1999-01-26,979-200-9428,mike.williams49@example.com,365
1110,Sue,Doe,1998-07-16,979-417-8229,sue.doe21@example.com,211
1111,Peter,Williams,2001-05-22,979-856-8139,peter.williams36@example.com,822
1112,John,Brown,1999-01-27,979-395-4811,john.brown9@example.com,619
1113,Sue,Williams,1995-05-11,979-754-3241,sue.williams80@example.com,968
1114,Sue,Williams,1998-02-01,979-381-3680,sue.williams80@example.com,744
1115,Sue,Wilson,2005-10-13,979-354-5324,sue.wilson68@example.com,615
1116,Peter,Williams,2002-05-24,979-127-6313,peter.williams7@example.com,900
1117,Pat,Doe,1999-05-22,979-816-2681,pat.doe56@example.com,302
1118,Peter,Miller,2003-01-20,979-374-2957,peter.miller50@example.com,591
1119,Peter,Wilson,1998-11-15,979-777-3611,peter.wilson94@example.com,594
1120,Peter,Davis,2002-06-10,979-892-6827,peter.davis47@example.com,689
1121,Alex,Miller,2005-09-14,979-172-9376,alex.miller18@example.com,468
1122,Alex,Brown,2005-06-27,979-881-9487,alex.brown86@example.com,31
1123,Pat,Wilson,2000-12-20,979-359-7746,pat.wilson32@example.com,932
1124,Mike,Davis,1995-10-08,979-531-8296,mike.davis96@example.com,827
1125,Mary,Smith,1996-11-10,979-818-9495,mary.smith47@example.com,199
1126,Jane,Wilson,1995-08-03,979-128-6310,jane.wilson89@example.com,903
1127,Sue,Davis,1997-03-18,979-339-4173,sue.davis91@example.com,482
1128,Jane,Wilson,2003-05-15,979-927-6941,jane.wilson72@example.com,51
1129,John,Williams,2002-08-06,979-394-6316,john.williams82@example.com,829
1130,John,Miller,1996-01-07,979-565-7624,john.miller98@example.com,317
1131,Taylor,Moore,1997-07-28,979-510-2442,taylor.moore90@example.com,566
1132,Chris,Jones,2003-05-06,979-727-2919,chris.jones50@example.com,679
1133,Mary,Lee,1996-11-13,979-377-5780,mary.lee26@example.com,150
1134,Mary,Williams,2001-05-19,979-935-7187,mary.williams86@example.com,6
1135,Pat,Moore,1999-11-20,979-207-5159,pat.moore4@example.com,753
1136,Chris,Moore,1995-05-24,979-958-8451,chris.moore3@example.com,787
1137,Taylor,Jones,1995-07-13,979-482-7293,taylor.jones25@example.com,925
1138,Pat,Wilson,1996-09-19,979-938-3351,pat.wilson71@example.com,702
1139,Alex,Brown,2004-06-06,979-281-1910,alex.brown35@example.com,939
1140,Taylor,Miller,2005-04-05,979-370-2347,taylor.miller51@example.com,132
1141,Pat,Wilson,1998-02-10,979-284-2996,pat.wilson3@example.com,584
1142,Mary,Doe,2002-02-08,979-842-2433,mary.doe88@example.com,742
1143,Sue,Brown,1998-06-06,979-806-8664,sue.brown91@example.com,158
1144,John,Williams,1996-09-03,979-669-9231,john.williams51@example.com,626
1145,Pat,Moore,2005-05-09,979-883-7574,pat.moore44@example.com,522
1146,John,Lee,2002-12-23,979-981-2534,john.lee98@example.com,659
1147,Jane,Brown,2001-04-05,979-461-1827,jane.brown97@example.com,557
1148,Alex,Miller,1996-07-08,979-647-5086,alex.miller45@example.com,809
1149,Chris,Jones,1998-09-03,979-909-1043,chris.jones16@example.com,364
1150,John,Lee,2004-12-14,979-168-6537,john.lee8@example.com,359
1151,Sue,Doe,1998-12-07,979-621-3822,sue.doe58@example.com,459
1152,Mary,Smith,1999-09-04,979-474-7119,mary.smith64@example.com,942
1153,Pat,Williams,2001-10-06,979-468-5075,pat.williams55@example.com,172
1154,Jane,Davis,1996-04-01,979-196-7042,jane.davis76@example.com,179
1155,Taylor,Miller,1997-02-18,979-474-8882,taylor.miller85@example.com,7
1156,Jane,Moore,2004-02-12,979-177-6420,jane.moore87@example.com,535
1157,Mary,Smith,1996-10-14,979-850-4895,mary.smith2@example.com,508
1158,Pat,Williams,1999-09-08,979-639-5006,pat.williams33@example.com,317
1159,Alex,Doe,1996-01-17,979-778-9698,alex.doe62@example.com,451
1160,Pat,Smith,2005-10-06,979-261-9800,pat.smith28@example.com,701
1161,Sue,Davis,2002-10-28,979-766-6597,sue.davis55@example.com,6
1162,Taylor,Brown,2000-11-07,979-325-3472,taylor.brown11@example.com,503
1163,Mike,Moore,1998-07-15,979-316-4585,mike.moore22@example.com,503
1164,Sue,Lee,1998-11-25,979-239-7826,sue.lee34@example.com,647
1165,Alex,Williams,1998-09-04,979-565-3305,alex.williams71@example.com,850
1166,Mike,Wilson,2005-10-19,979-345-9750,mike.wilson30@example.com,623
1167,John,Miller,2004-05-23,979-919-2329,john.miller44@example.com,337
1168,Mike,Davis,1998-12-13,979-514-4132,mike.davis19@example.com,80
1169,Mary,Moore,1998-11-24,979-701-4176,mary.moore5@example.com,554
1170,Chris,Williams,2004-09-16,979-815-9683,chris.williams57@example.com,873
1171,Mary,Williams,2003-11-28,979-953-8909,mary.williams18@example.com,781
1172,Chris,Doe,1999-02-08,979-832-5224,chris.doe13@example.com,782
1173,John,Jones,1997-12-24,979-167-9674,john.jones72@example.com,397
1174,Taylor,Jones,1995-08-12,979-882-7065,taylor.jones41@example.com,587
1175,Mary,Brown,1998-02-16,979-937-8112,mary.brown46@example.com,509
1176,Jane,Doe,1997-08-19,979-581-1274,jane.doe92@example.com,705
1177,Chris,Williams,1999-04-26,979-900-9033,chris.williams10@example.com,433
1178,Sue,Brown,2004-08-23,979-700-8302,sue.brown28@example.com,956
1179,John,Wilson,1997-10-08,979-650-2680,john.wilson28@example.com,12
1180,Chris,Smith,2002-08-09,979-464-7804,chris.smith55@example.com,146
1181,Mary,Wilson,2004-06-14,979-780-8394,mary.wilson9@example.com,380
1182,John,Smith,1996-06-07,979-127-5477,john.smith4@example.com,981
1183,Pat,Miller,2001-10-21,979-604-4821,pat.miller60@example.com,367
1184,Mike,Wilson,1998-05-04,979-193-8154,mike.wilson35@example.com,973
1185,Taylor,Wilson,2002-05-26,979-221-9988,taylor.wilson40@example.com,174
1186,Alex,Davis,2003-05-05,979-595-4929,alex.davis94@example.com,242
1187,John,Brown,2005-07-07,979-403-4215,john.brown93@example.com,258
1188,Peter,Miller,2001-06-10,979-116-8298,peter.miller3@example.com,360
1189,Sue,Smith,1998-07-01,979-529-6554,sue.smith13@example.com,587
1190,Mike,Lee,1997-11-11,979-276-1641,mike.lee50@example.com,721
1191,John,Wilson,2000-04-07,979-505-4494,john.wilson96@example.com,915
1192,Peter,Williams,1997-07-12,979-796-9547,peter.williams34@example.com,708
1193,Alex,Jones,2002-02-10,979-864-4796,alex.jones83@example.com,878
1194,Alex,Davis,1996-03-24,979-298-6152,alex.davis49@example.com,889
1195,Mike,Davis,1996-05-18,979-749-5666,mike.davis96@example.com,948
1196,Pat,Brown,2003-11-06,979-342-6712,pat.brown50@example.com,763
1197,Alex,Williams,2005-03-18,979-242-6190,alex.williams28@example.com,424
1198,Alex,Williams,1996-03-25,979-128-9383,alex.williams14@example.com,373
1199,Taylor,Smith,2005-06-02,979-137-1753,taylor.smith22@example.com,802
1200,Pat,Moore,1998-12-25,979-228-3631,pat.moore16@example.com,1
1201,Taylor,Smith,2001-08-23,979-644-3250,taylor.smith79@example.com,890
1202,Pat,Doe,2000-08-17,979-713-4069,pat.doe46@example.com,444
1203,Mike,Jones,1999-08-04,979-635-6135,mike.jones60@example.com,746
1204,Chris,Wilson,2003-06-05,979-359-5384,chris.wilson68@example.com,928
1205,Jane,Brown,1999-04-16,979-222-4266,jane.brown68@example.com,433
1206,Sue,Smith,2002-11-11,979-552-8586,sue.smith67@example.com,720
1207,Pat,Doe,2004-09-09,979-343-3092,pat.doe24@example.com,86
1208,Peter,Wilson,2002-08-18,979-895-7101,peter.wilson37@example.com,818
1209,Pat,Wilson,2003-02-17,979-838-8942,pat.wilson30@example.com,824
1210,Pat,Doe,1996-12-05,979-849-9989,pat.doe39@example.com,806
1211,Mary,Jones,1997-10-01,979-507-9050,mary.jones58@example.com,839
1212,Mike,Doe,2004-04-15,979-480-7971,mike.doe1@example.com,496
1213,Chris,Brown,2003-11-17,979-250-4570,chris.brown63@example.com,602
1214,John,Moore,2002-10-02,979-965-2105,john.moore19@example.com,349
1215,Jane,Lee,2003-08-15,979-846-1792,jane.lee57@example.com,504
1216,Alex,Smith,2001-04-05,979-639-3327,alex.smith91@example.com,961
1217,John,Smith,2005-07-14,979-164-4890,john.smith7@example.com,392
1218,John,Moore,1996-11-27,979-549-4634,john.moore27@example.com,524
1219,Mary,Smith,1997-07-06,979-649-5577,mary.smith67@example.com,764
1220,Taylor,Williams,2004-02-28,979-291-2520,taylor.williams24@example.com,517
1221,Mary,Williams,1995-01-20,979-489-8579,mary.williams39@example.com,194
1222,Sue,Smith,1995-01-27,979-176-9838,sue.smith8@example.com,837
1223,Taylor,Miller,2005-09-06,979-237-6400,taylor.miller42@example.com,795
1224,Mary,Moore,2003-05-19,979-407-4404,mary.moore81@example.com,119
1225,Taylor,Williams,2004-07-12,979-563-7006,taylor.williams71@example.com,416
1226,Mike,Williams,2002-05-13,979-302-7996,mike.williams89@example.com,1000
1227,Pat,Davis,1997-08-02,979-877-2811,pat.davis83@example.com,202
1228,Jane,Williams,2002-10-05,979-726-4609,jane.williams63@example.com,85
1229,Pat,Brown,1995-11-26,979-936-6894,pat.brown5@example.com,214
1230,Pat,Davis,1998-03-27,979-446-6786,pat.davis66@example.com,428
1231,Mike,Davis,2001-08-15,979-372-6208,mike.davis80@example.com,184
1232,Peter,Jones,1999-05-18,979-161-2663,peter.jones20@example.com,504
1233,Taylor,Doe,1997-07-25,979-251-4541,taylor.doe17@example.com,184
1234,Pat,Wilson,2002-09-10,979-207-5911,pat.wilson14@example.com,51
1235,John,Williams,2002-03-02,979-412-2853,john.williams41@example.com,157
1236,Sue,Davis,1998-03-09,979-325-8413,sue.davis22@example.com,217
1237,Jane,Miller,1997-11-01,979-393-4246,jane.miller80@example.com,54
1238,Taylor,Davis,2000-09-17,979-469-7230,taylor.davis60@example.com,782
1239,Taylor,Williams,1995-11-18,979-464-3026,taylor.williams3@example.com,730
1240,Jane,Brown,1996-10-01,979-796-7550,jane.brown27@example.com,354
1241,Chris,Miller,1995-06-08,979-590-6943,chris.miller46@example.com,977
1242,Mike,Lee,1995-06-17,979-387-3081,mike.lee24@example.com,756
1243,Peter,Jones,1998-12-16,979-335-6029,peter.jones59@example.com,816
1244,Pat,Brown,2004-01-08,979-813-3766,pat.brown55@example.com,612
1245,Peter,Wilson,2000-05-01,979-204-9581,peter.wilson58@example.com,307
1246,Jane,Smith,1998-08-10,979-714-3960,jane.smith46@example.com,161
1247,John,Miller,2001-05-27,979-291-7299,john.miller70@example.com,344
1248,Peter,Wilson,2002-12-07,979-887-6841,peter.wilson11@example.com,409
1249,Pat,Doe,2002-02-15,979-108-3373,pat.doe87@example.com,927
1250,Alex,Williams,2000-07-05,979-302-4720,alex.williams56@example.com,343
1251,Chris,Moore,2001-05-27,979-310-2350,chris.moore4@example.com,289
1252,Mike,Miller,1995-05-04,979-130-2196,mike.miller81@example.com,160
1253,Chris,Smith,2000-09-23,979-844-3753,chris.smith45@example.com,614
1254,Taylor,Jones,2001-07-13,979-588-9203,taylor.jones63@example.com,649
1255,Mary,Jones,2002-04-26,979-435-3448,mary.jones85@example.com,92
1256,Taylor,Miller,2004-09-11,979-944-8810,taylor.miller8@example.com,654
1257,Mary,Miller,1998-11-24,979-760-1941,mary.miller37@example.com,649
1258,Mike,Williams,1998-02-24,979-340-7662,mike.williams77@example.com,703
1259,Mike,Jones,2002-02-04,979-556-6820,mike.jones82@example.com,815
1260,Chris,Davis,1998-04-06,979-367-6118,chris.davis65@example.com,34
1261,Sue,Lee,2004-04-20,979-956-3582,sue.lee51@example.com,168
1262,Sue,Wilson,1999-05-19,979-974-5202,sue.wilson42@example.com,20
1263,Alex,Smith,2003-04-01,979-520-1066,alex.smith69@example.com,873
1264,Pat,Wilson,2005-01-20,979-639-2573,pat.wilson29@example.com,656
1265,Mary,Jones,2002-07-10,979-368-3800,mary.jones49@example.com,128
1266,Mike,Moore,2002-07-02,979-874-9642,mike.moore87@example.com,967
1267,Chris,Moore,1997-07-28,979-375-5124,chris.moore65@example.com,476
1268,John,Wilson,2000-06-16,979-601-3368,john.wilson25@example.com,692
1269,Chris,Miller,1995-11-16,979-965-1116,chris.miller61@example.com,252
1270,Chris,Davis,2003-08-09,979-212-7682,chris.davis10@example.com,406
1271,John,Wilson,2003-12-10,979-542-2950,john.wilson14@example.com,786
1272,Mary,Williams,1996-09-27,979-241-1753,mary.williams13@example.com,695
1273,Jane,Wilson,1995-06-25,979-900-5488,jane.wilson31@example.com,30
1274,John,Davis,2005-11-27,979-535-1213,john.davis39@example.com,359
1275,John,Lee,2003-11-25,979-444-6115,john.lee76@example.com,317
1276,Peter,Smith,2001-06-11,979-917-5262,peter.smith81@example.com,652
1277,Pat,Wilson,2005-08-28,979-347-2919,pat.wilson21@example.com,395
1278,Jane,Smith,2003-07-12,979-936-5934,jane.smith43@example.com,567
1279,Chris,Smith,1999-06-06,979-882-4533,chris.smith93@example.com,1
1280,Mike,Doe,1998-02-17,979-490-5198,mike.doe12@example.com,859
1281,Taylor,Davis,1999-11-07,979-806-9732,taylor.davis94@example.com,999
1282,Alex,Williams,2000-08-19,979-825-1955,alex.williams16@example.com,965
1283,Alex,Moore,2002-01-20,979-229-3388,alex.moore14@example.com,162
1284,Jane,Moore,2003-05-08,979-368-1142,jane.moore35@example.com,445
1285,Sue,Smith,1999-04-01,979-707-4841,sue.smith41@example.com,20
1286,John,Brown,2004-12-04,979-399-8367,john.brown5@example.com,380
1287,John,Jones,2005-04-06,979-118-7436,john.jones11@example.com,957
1288,Chris,Williams,2002-04-06,979-434-5763,chris.williams15@example.com,659
1289,Chris,Jones,1995-09-02,979-908-7938,chris.jones36@example.com,381
1290,Alex,Moore,2005-08-13,979-913-7780,alex.moore90@example.com,745
1291,John,Jones,2004-01-25,979-447-6517,john.jones96@example.com,204
1292,Alex,Miller,2004-05-23,979-111-2717,alex.miller13@example.com,469
1293,Mike,Jones,1995-12-05,979-505-3228,mike.jones57@example.com,511
1294,Taylor,Brown,2005-09-17,979-735-7211,taylor.brown75@example.com,727
1295,Alex,Davis,2001-07-15,979-621-9047,alex.davis75@example.com,782
1296,Pat,Smith,1998-02-24,979-937-3221,pat.smith95@example.com,28
1297,Mary,Brown,1995-12-08,979-656-5190,mary.brown74@example.com,814
1298,Sue,Lee,2004-12-23,979-268-3801,sue.lee99@example.com,42
1299,Sue,Smith,2005-01-04,979-962-1995,sue.smith43@example.com,481
1300,Alex,Brown,1998-03-22,979-441-9202,alex.brown85@example.com,997
1301,Taylor,Williams,1995-09-02,979-219-9087,taylor.williams4@example.com,214
1302,Chris,Wilson,1998-07-09,979-193-8925,chris.wilson49@example.com,437
1303,Sue,Doe,2001-02-23,979-989-5240,sue.doe47@example.com,614
1304,Peter,Davis,1995-10-18,979-113-9304,peter.davis81@example.com,136
1305,Alex,Moore,2003-01-07,979-306-6624,alex.moore3@example.com,104
1306,Chris,Davis,2005-06-05,979-426-8505,chris.davis43@example.com,973
1307,Mary,Smith,2003-07-11,979-518-3295,mary.smith9@example.com,255
1308,Sue,Miller,2000-05-03,979-729-4240,sue.miller99@example.com,232
1309,Jane,Miller,2001-02-21,979-627-9293,jane.miller87@example.com,597
1310,Jane,Brown,2001-06-09,979-858-5540,jane.brown8@example.com,599
1311,John,Doe,1996-09-17,979-649-9348,john.doe65@example.com,980
1312,Chris,Williams,2002-04-08,979-623-8669,chris.williams88@example.com,835
1313,Jane,Jones,2002-06-08,979-275-3439,jane.jones16@example.com,642
1314,Peter,Miller,1997-06-21,979-758-9724,peter.miller12@example.com,327
1315,Pat,Moore,1998-05-23,979-575-2127,pat.moore94@example.com,800
1316,Taylor,Doe,2001-08-16,979-864-9011,taylor.doe18@example.com,504
1317,Mike,Wilson,2004-12-03,979-217-6740,mike.wilson35@example.com,281
1318,Alex,Wilson,2001-08-25,979-833-4293,alex.wilson20@example.com,482
1319,Alex,Williams,1996-05-07,979-365-7791,alex.williams33@example.com,209
1320,Jane,Wilson,1997-01-27,979-574-2961,jane.wilson50@example.com,569
1321,Peter,Brown,2002-08-16,979-457-8120,peter.brown22@example.com,877
1322,Alex,Williams,2005-06-13,979-772-1081,alex.williams32@example.com,707
1323,Sue,Brown,1996-07-24,979-544-2844,sue.brown79@example.com,180
1324,Taylor,Davis,2003-07-02,979-173-7472,taylor.davis56@example.com,737
1325,Mary,Lee,1998-04-21,979-671-7242,mary.lee86@example.com,22
1326,Mike,Smith,2002-11-02,979-519-7103,mike.smith95@example.com,453
1327,Jane,Moore,2001-09-14,979-227-4300,jane.moore15@example.com,218
1328,Chris,Jones,2002-01-19,979-845-8706,chris.jones50@example.com,847
1329,Mary,Doe,2005-09-23,979-959-8177,mary.doe25@example.com,675
1330,Pat,Jones,1999-09-10,979-397-6539,pat.jones78@example.com,412
1331,Taylor,Moore,1995-01-25,979-768-5303,taylor.moore19@example.com,431
1332,Mike,Miller,2004-01-20,979-972-3190,mike.miller22@example.com,340
1333,Mary,Smith,2003-03-05,979-211-4072,mary.smith6@example.com,825
1334,Chris,Smith,1998-06-08,979-687-9582,chris.smith61@example.com,393
1335,John,Davis,1996-01-10,979-700-5895,john.davis83@example.com,330
1336,Chris,Doe,2000-10-23,979-264-1218,chris.doe84@example.com,301
1337,Peter,Moore,2005-12-22,979-264-2764,peter.moore49@example.com,238
1338,Pat,Moore,1995-10-26,979-617-2659,pat.moore83@example.com,215
1339,Sue,Lee,2000-05-08,979-535-4459,sue.lee54@example.com,946
1340,Chris,Jones,1999-05-26,979-440-7248,chris.jones13@example.com,456
1341,Taylor,Lee,2005-10-09,979-111-7668,taylor.lee82@example.com,159
1342,Alex,Lee,2003-01-13,979-725-1114,alex.lee71@example.com,729
1343,Sue,Lee,1996-08-28,979-867-3293,sue.lee83@example.com,619
1344,Jane,Wilson,2003-04-12,979-551-9846,jane.wilson62@example.com,553
1345,Alex,Wilson,1997-06-23,979-458-3960,alex.wilson33@example.com,486
1346,Pat,Williams,2002-01-26,979-916-9295,pat.williams4@example.com,65
1347,Chris,Jones,1999-12-10,979-180-8699,chris.jones83@example.com,158
1348,Mike,Doe,1999-11-17,979-879-7703,mike.doe28@example.com,667
1349,Sue,Wilson,2000-11-23,979-237-3775,sue.wilson86@example.com,303
1350,Pat,Moore,2003-05-03,979-386-6785,pat.moore9@example.com,487
1351,Chris,Brown,1996-04-22,979-453-2541,chris.brown4@example.com,565
1352,Peter,Williams,2001-12-05,979-358-1032,peter.williams89@example.com,292
1353,Mike,Moore,2000-06-04,979-705-6629,mike.moore44@example.com,534
1354,Chris,Smith,2003-10-25,979-161-4680,chris.smith83@example.com,870
1355,Jane,Davis,1995-03-03,979-472-7523,jane.davis16@example.com,477
1356,Mary,Jones,1996-12-07,979-894-6247,mary.jones56@example.com,747
1357,Mike,Doe,2001-07-17,979-112-6754,mike.doe92@example.com,361
1358,Sue,Brown,2004-10-08,979-264-7822,sue.brown19@example.com,930
1359,Alex,Wilson,1997-02-05,979-471-9943,alex.wilson37@example.com,131
1360,Sue,Wilson,2002-01-10,979-375-3044,sue.wilson24@example.com,7
1361,Jane,Moore,1997-12-15,979-895-6777,jane.moore26@example.com,417
1362,Jane,Brown,2000-05-05,979-612-1234,jane.brown5@example.com,512
1363,John,Doe,2005-09-12,979-264-3502,john.doe76@example.com,279
1364,Peter,Davis,2002-10-06,979-431-4230,peter.davis13@example.com,174
1365,Jane,Brown,1999-11-04,979-981-1343,jane.brown10@example.com,302
1366,Peter,Lee,2001-07-08,979-154-4035,peter.lee22@example.com,684
1367,Chris,Brown,1998-07-16,979-190-7696,chris.brown73@example.com,919
1368,John,Doe,2001-11-09,979-690-7739,john.doe78@example.com,322
1369,Chris,Smith,1995-11-14,979-493-7218,chris.smith28@example.com,304
1370,Chris,Miller,2003-10-17,979-363-5700,chris.miller44@example.com,365
1371,Peter,Davis,2005-08-12,979-253-1013,peter.davis39@example.com,604
1372,Alex,Miller,1996-01-16,979-323-1692,alex.miller44@example.com,972
1373,John,Brown,1999-08-22,979-947-5819,john.brown59@example.com,597
1374,Mary,Moore,2002-07-06,979-298-2843,mary.moore35@example.com,234
1375,Chris,Wilson,2002-04-20,979-531-4347,chris.wilson70@example.com,482
1376,Taylor,Williams,1999-11-14,979-275-2167,taylor.williams9@example.com,826
1377,Alex,Miller,2003-11-10,979-247-4276,alex.miller98@example.com,233
1378,Chris,Moore,2000-08-22,979-167-4102,chris.moore13@example.com,326
1379,Mike,Moore,2005-05-27,979-183-8743,mike.moore17@example.com,819
1380,Taylor,Smith,2000-09-21,979-622-5142,taylor.smith66@example.com,935
1381,Chris,Miller,1996-07-22,979-614-6801,chris.miller65@example.com,25
1382,Mary,Wilson,1997-07-01,979-579-9617,mary.wilson12@example.com,951
1383,Chris,Brown,2000-01-13,979-615-7775,chris.brown43@example.com,256
1384,Jane,Miller,1999-11-15,979-357-9922,jane.miller47@example.com,698
1385,Chris,Smith,2005-05-22,979-367-4604,chris.smith62@example.com,341
1386,Pat,Williams,1999-08-10,979-401-3578,pat.williams13@example.com,375
1387,Chris,Jones,2002-08-07,979-104-9712,chris.jones74@example.com,16
1388,Jane,Jones,1997-12-05,979-893-5258,jane.jones66@example.com,949
1389,Chris,Moore,2004-10-16,979-632-9664,chris.moore57@example.com,229
1390,Alex,Brown,1996-06-12,979-270-3997,alex.brown54@example.com,480
1391,John,Brown,2002-10-11,979-611-3393,john.brown10@example.com,821
1392,Mary,Smith,2002-10-12,979-699-9383,mary.smith4@example.com,447
1393,John,Jones,1995-08-02,979-551-3144,john.jones8@example.com,918
1394,Mary,Williams,2002-05-04,979-580-5963,mary.williams19@example.com,974
1395,Jane,Wilson,2002-04-07,979-459-2506,jane.wilson66@example.com,568
1396,Chris,Moore,2000-02-08,979-688-8720,chris.moore46@example.com,260
1397,Peter,Brown,1999-03-09,979-934-3307,peter.brown75@example.com,457
1398,Pat,Miller,1997-07-23,979-642-6785,pat.miller33@example.com,731
1399,Chris,Williams,2005-05-11,979-436-8217,chris.williams68@example.com,690
1400,John,Jones,2003-09-06,979-593-8088,john.jones18@example.com,857
1401,Taylor,Doe,1999-05-14,979-774-8415,taylor.doe36@example.com,667
1402,Sue,Smith,2001-12-05,979-144-6524,sue.smith49@example.com,103
1403,Pat,Doe,1997-10-12,979-123-1253,pat.doe74@example.com,729
1404,Taylor,Smith,2005-12-27,979-349-4709,taylor.smith42@example.com,330
1405,Mike,Davis,2003-09-17,979-754-7710,mike.davis83@example.com,176
1406,Alex,Miller,1996-02-07,979-996-7714,alex.miller69@example.com,487
1407,Peter,Moore,2000-02-02,979-686-1432,peter.moore47@example.com,501
1408,Pat,Davis,1995-01-18,979-405-8283,pat.davis79@example.com,461
1409,Taylor,Williams,1995-12-27,979-587-4847,taylor.williams35@example.com,754
1410,Peter,Williams,2005-02-08,979-497-3511,peter.williams9@example.com,13
1411,Taylor,Williams,2000-04-23,979-966-2202,taylor.williams12@example.com,819
1412,Chris,Jones,2004-01-08,979-718-5640,chris.jones19@example.com,269
1413,Chris,Davis,2002-09-28,979-705-8888,chris.davis10@example.com,826
1414,Alex,Wilson,2002-04-17,979-941-9041,alex.wilson5@example.com,891
1415,Peter,Lee,1995-11-02,979-169-5899,peter.lee10@example.com,757
1416,Mary,Wilson,2003-12-11,979-531-2188,mary.wilson73@example.com,591
1417,John,Moore,1999-02-16,979-427-5341,john.moore38@example.com,897
1418,Chris,Williams,1998-08-03,979-712-5238,chris.williams34@example.com,540
1419,Mary,Jones,2004-10-15,979-856-8553,mary.jones54@example.com,443
1420,Jane,Davis,1998-05-16,979-684-6443,jane.davis58@example.com,508
1421,Jane,Davis,1998-07-13,979-489-1663,jane.davis77@example.com,58
1422,Sue,Miller,2000-06-17,979-671-4383,sue.miller25@example.com,425
1423,Mary,Lee,1999-08-21,979-343-4901,mary.lee85@example.com,339
1424,Sue,Moore,1996-06-19,979-395-1715,sue.moore43@example.com,694
1425,Peter,Williams,2001-09-21,979-667-8190,peter.williams8@example.com,45
1426,John,Doe,2002-01-06,979-223-6499,john.doe62@example.com,739
1427,Mike,Williams,2000-10-17,979-843-8133,mike.williams54@example.com,104
1428,Chris,Wilson,2004-04-22,979-490-3541,chris.wilson32@example.com,253
1429,Alex,Brown,1998-03-02,979-930-5052,alex.brown44@example.com,227
1430,John,Brown,1995-10-05,979-941-3456,john.brown58@example.com,256
1431,Pat,Smith,1997-01-14,979-700-4276,pat.smith98@example.com,213
1432,John,Lee,2004-10-17,979-394-6411,john.lee70@example.com,923
1433,Alex,Lee,1998-04-03,979-658-1005,alex.lee26@example.com,454
1434,Pat,Davis,2005-06-03,979-437-3178,pat.davis37@example.com,986
1435,Chris,Moore,1999-01-05,979-417-7284,chris.moore57@example.com,334
1436,Peter,Miller,1995-03-10,979-758-3698,peter.miller55@example.com,820
1437,Mary,Williams,2002-11-19,979-462-3188,mary.williams6@example.com,122
1438,Sue,Smith,2001-04-03,979-559-6093,sue.smith98@example.com,795
1439,John,Miller,1999-04-24,979-735-9172,john.miller82@example.com,148
1440,John,Davis,2003-06-06,979-135-5520,john.davis46@example.com,565
1441,John,Williams,1998-08-16,979-937-2504,john.williams33@example.com,290
1442,Mike,Lee,1999-01-14,979-117-8073,mike.lee73@example.com,243
1443,Sue,Wilson,2001-04-02,979-924-8988,sue.wilson79@example.com,165
1444,Mike,Smith,2005-04-10,979-713-8561,mike.smith41@example.com,42
1445,Chris,Davis,1995-01-03,979-206-9670,chris.davis10@example.com,80
1446,Taylor,Moore,1995-06-24,979-746-2128,taylor.moore72@example.com,263
1447,Taylor,Miller,2001-07-02,979-638-1627,taylor.miller18@example.com,425
1448,Taylor,Williams,2000-05-02,979-866-1805,taylor.williams38@example.com,151
1449,Pat,Williams,2001-11-20,979-209-8430,pat.williams1@example.com,949
1450,Chris,Jones,1995-11-05,979-469-8397,chris.jones49@example.com,333
1451,Sue,Williams,2001-02-13,979-500-2516,sue.williams91@example.com,464
1452,Mike,Smith,1997-09-01,979-667-1979,mike.smith9@example.com,686
1453,Peter,Williams,2002-12-13,979-552-1401,peter.williams76@example.com,214
1454,Taylor,Doe,2004-04-05,979-422-9750,taylor.doe10@example.com,574
1455,John,Smith,1998-03-18,979-276-6704,john.smith13@example.com,1000
1456,Taylor,Davis,1998-10-23,979-747-8951,taylor.davis17@example.com,7
1457,Pat,Jones,1997-10-12,979-104-3101,pat.jones8@example.com,596
1458,Jane,Williams,1999-07-15,979-845-3094,jane.williams22@example.com,838
1459,Sue,Smith,1997-10-01,979-286-3990,sue.smith72@example.com,429
1460,Peter,Lee,1997-08-08,979-326-1393,peter.lee6@example.com,745
1461,Mary,Davis,2004-09-16,979-968-8287,mary.davis94@example.com,964
1462,Pat,Williams,1999-10-09,979-840-8334,pat.williams22@example.com,77
1463,Pat,Williams,1998-03-26,979-402-6061,pat.williams16@example.com,743
1464,Mike,Miller,2001-09-01,979-344-2104,mike.miller65@example.com,953
1465,Taylor,Smith,2003-12-05,979-403-5975,taylor.smith55@example.com,124
1466,John,Moore,2001-06-05,979-164-2159,john.moore25@example.com,566
1467,Chris,Miller,1997-08-16,979-192-6096,chris.miller96@example.com,82
1468,Mary,Williams,2002-09-11,979-664-5597,mary.williams78@example.com,608
1469,Sue,Brown,2004-06-04,979-963-3670,sue.brown50@example.com,368
1470,Alex,Brown,2005-03-11,979-810-3191,alex.brown3@example.com,879
1471,Alex,Smith,2000-09-20,979-724-4772,alex.smith12@example.com,649
1472,Peter,Lee,2002-05-04,979-289-6489,peter.lee99@example.com,481
1473,Sue,Lee,1997-07-02,979-324-9879,sue.lee13@example.com,540
1474,Mary,Jones,1995-07-19,979-174-7241,mary.jones96@example.com,327
1475,John,Moore,2003-07-09,979-934-7913,john.moore43@example.com,745
1476,Peter,Moore,2000-10-25,979-646-2510,peter.moore56@example.com,630
1477,Peter,Lee,1995-12-10,979-939-7302,peter.lee9@example.com,34
1478,Pat,Lee,2002-06-16,979-417-8198,pat.lee41@example.com,124
1479,Mary,Davis,1999-10-05,979-714-8589,mary.davis66@example.com,134
1480,Mike,Davis,1996-09-25,979-345-1105,mike.davis80@example.com,940
1481,Mike,Miller,2005-03-25,979-705-8613,mike.miller91@example.com,641
1482,Taylor,Smith,2000-03-22,979-244-4965,taylor.smith52@example.com,535
1483,Alex,Wilson,2000-09-25,979-562-7214,alex.wilson99@example.com,395
1484,Peter,Davis,2000-10-01,979-700-8009,peter.davis63@example.com,600
1485,Jane,Williams,2004-10-07,979-829-1550,jane.williams83@example.com,808
1486,Sue,Moore,1995-10-20,979-643-8605,sue.moore35@example.com,996
1487,Mary,Moore,2004-07-04,979-988-8396,mary.moore37@example.com,414
1488,Peter,Moore,2005-06-09,979-137-1372,peter.moore19@example.com,255
1489,John,Davis,2001-10-28,979-338-1700,john.davis38@example.com,921
1490,Peter,Moore,1998-04-10,979-670-5216,peter.moore25@example.com,939
1491,Chris,Jones,2001-11-27,979-821-5333,chris.jones91@example.com,527
1492,Mary,Smith,1999-02-06,979-322-2785,mary.smith88@example.com,530
1493,Mary,Moore,2003-11-27,979-317-2880,mary.moore15@example.com,547
1494,Sue,Jones,1998-01-08,979-494-2827,sue.jones17@example.com,255
1495,Mary,Brown,2005-09-12,979-819-2647,mary.brown77@example.com,576
1496,Chris,Wilson,2002-08-03,979-453-1727,chris.wilson88@example.com,978
1497,Sue,Doe,2005-12-15,979-647-4145,sue.doe29@example.com,543
1498,Pat,Brown,2004-06-18,979-345-2175,pat.brown51@example.com,735
1499,Mike,Miller,1996-08-19,979-770-6589,mike.miller25@example.com,987
1500,John,Wilson,2004-10-26,979-312-4421,john.wilson48@example.com,22
1501,Mary,Wilson,2002-06-25,979-168-1261,mary.wilson28@example.com,871
1502,Sue,Miller,2000-12-10,979-158-4514,sue.miller64@example.com,426
1503,Mary,Brown,2001-11-13,979-167-3254,mary.brown63@example.com,339
1504,Peter,Doe,2003-08-07,979-657-4875,peter.doe22@example.com,612
1505,Pat,Jones,2004-10-17,979-438-2903,pat.jones89@example.com,637
1506,Taylor,Williams,1996-08-08,979-724-2390,taylor.williams94@example.com,944
1507,Mike,Williams,1995-06-23,979-757-2674,mike.williams44@example.com,815
1508,Mike,Jones,2004-10-21,979-130-2057,mike.jones98@example.com,871
1509,Mary,Smith,2003-07-07,979-430-7911,mary.smith31@example.com,365
1510,Peter,Wilson,2004-10-19,979-962-4115,peter.wilson32@example.com,401
1511,Mary,Davis,2004-10-01,979-186-6890,mary.davis3@example.com,628
1512,John,Brown,2001-12-23,979-167-2337,john.brown38@example.com,990
1513,Jane,Smith,1997-10-22,979-240-8493,jane.smith40@example.com,311
1514,Sue,Moore,2001-07-22,979-369-7735,sue.moore52@example.com,69
1515,Alex,Doe,2000-08-08,979-827-9141,alex.doe93@example.com,205
1516,Mike,Williams,1998-04-26,979-130-8866,mike.williams85@example.com,81
1517,Mary,Jones,2003-03-24,979-526-4055,mary.jones35@example.com,89
1518,Taylor,Miller,2001-01-14,979-548-1277,taylor.miller12@example.com,160
1519,Peter,Wilson,2001-12-08,979-349-1228,peter.wilson44@example.com,84
1520,Mike,Brown,2002-06-04,979-194-8021,mike.brown12@example.com,919
1521,Pat,Wilson,2003-07-08,979-985-8234,pat.wilson12@example.com,873
1522,Pat,Williams,2001-01-08,979-613-2452,pat.williams90@example.com,553
1523,Sue,Lee,2003-07-12,979-760-8777,sue.lee97@example.com,461
1524,Sue,Smith,2004-02-13,979-991-5971,sue.smith83@example.com,990
1525,Peter,Moore,1999-01-09,979-841-5014,peter.moore64@example.com,292
1526,Mike,Lee,1998-08-21,979-527-1143,mike.lee84@example.com,994
1527,Sue,Miller,1995-10-21,979-312-5780,sue.miller44@example.com,435
1528,Jane,Smith,1998-12-06,979-285-4472,jane.smith22@example.com,172
1529,Chris,Williams,2004-07-13,979-216-4944,chris.williams49@example.com,15
1530,Peter,Williams,2001-02-21,979-289-8506,peter.williams81@example.com,205
1531,Alex,Lee,2002-04-04,979-928-8738,alex.lee22@example.com,728
1532,Mike,Moore,1999-11-21,979-837-6136,mike.moore79@example.com,643
1533,Peter,Lee,1998-01-02,979-866-3521,peter.lee98@example.com,833
1534,John,Smith,2004-07-19,979-838-5862,john.smith86@example.com,940
1535,Jane,Doe,1998-10-03,979-534-8440,jane.doe27@example.com,759
1536,Mike,Davis,2003-09-26,979-497-9532,mike.davis95@example.com,475
1537,Sue,Brown,2005-04-22,979-806-7272,sue.brown9@example.com,496
1538,John,Wilson,2003-01-28,979-678-6870,john.wilson44@example.com,611
1539,Alex,Miller,2002-10-20,979-574-3981,alex.miller42@example.com,922
1540,Mike,Williams,1996-02-15,979-472-6132,mike.williams57@example.com,452
1541,Jane,Jones,2003-07-18,979-239-5525,jane.jones43@example.com,228
1542,Peter,Miller,2001-08-05,979-928-2836,peter.miller69@example.com,209
1543,Alex,Wilson,1995-10-21,979-790-8227,alex.wilson10@example.com,611
1544,Mike,Smith,1998-06-02,979-633-7825,mike.smith35@example.com,195
1545,Jane,Lee,1997-11-13,979-239-7195,jane.lee23@example.com,150
1546,Sue,Wilson,1998-01-06,979-669-6734,sue.wilson35@example.com,956
1547,Peter,Jones,2002-08-08,979-469-4319,peter.jones62@example.com,272
1548,Chris,Moore,1996-09-28,979-310-7448,chris.moore13@example.com,942
1549,Mike,Jones,1997-08-04,979-160-3396,mike.jones59@example.com,849
1550,Alex,Moore,2002-11-28,979-209-2791,alex.moore27@example.com,326
1551,Alex,Williams,2000-10-21,979-231-6993,alex.williams35@example.com,757
1552,Peter,Smith,2003-08-11,979-897-2785,peter.smith10@example.com,656
1553,Chris,Jones,2000-04-20,979-201-7322,chris.jones68@example.com,247
1554,Sue,Smith,2000-08-25,979-749-3457,sue.smith57@example.com,245
1555,Alex,Davis,1997-06-10,979-182-8793,alex.davis25@example.com,295
1556,Taylor,Smith,2001-09-04,979-822-9063,taylor.smith68@example.com,525
1557,Sue,Lee,1998-10-01,979-161-9586,sue.lee35@example.com,8
1558,Pat,Jones,1998-03-11,979-365-5261,pat.jones47@example.com,932
1559,Pat,Lee,2004-02-23,979-504-5585,pat.lee36@example.com,407
1560,Sue,Miller,2004-06-12,979-473-4166,sue.miller31@example.com,565
1561,Chris,Wilson,2002-04-11,979-930-2830,chris.wilson80@example.com,695
1562,Peter,Doe,1997-03-10,979-820-2869,peter.doe9@example.com,96
1563,Alex,Smith,1998-01-02,979-364-7166,alex.smith47@example.com,477
1564,Jane,Williams,2001-10-15,979-823-5545,jane.williams94@example.com,951
1565,Alex,Davis,1995-09-19,979-934-6595,alex.davis52@example.com,17
1566,Chris,Lee,1996-10-08,979-588-2928,chris.lee73@example.com,279
1567,Pat,Smith,2004-05-06,979-411-9574,pat.smith32@example.com,298
1568,John,Smith,2005-12-08,979-989-7618,john.smith93@example.com,971
1569,Sue,Jones,1998-07-06,979-745-3574,sue.jones44@example.com,496
1570,Pat,Davis,1995-04-01,979-688-9690,pat.davis37@example.com,788
1571,John,Doe,1997-07-16,979-567-9018,john.doe85@example.com,905
1572,Sue,Brown,2003-06-11,979-167-5624,sue.brown97@example.com,631
1573,Sue,Jones,2001-08-18,979-865-1202,sue.jones46@example.com,465
1574,Jane,Brown,2002-10-10,979-704-7097,jane.brown65@example.com,42
1575,Mary,Wilson,2002-09-17,979-372-5337,mary.wilson41@example.com,651
1576,Alex,Williams,1999-08-01,979-286-8220,alex.williams3@example.com,215
1577,Pat,Davis,2000-07-07,979-679-8637,pat.davis83@example.com,298
1578,Alex,Moore,1998-08-08,979-362-8207,alex.moore65@example.com,334
1579,Pat,Smith,1995-07-17,979-978-7328,pat.smith80@example.com,586
1580,Peter,Miller,1997-05-04,979-172-4852,peter.miller2@example.com,129
1581,Jane,Miller,2005-06-09,979-121-6992,jane.miller82@example.com,760
1582,Alex,Wilson,1996-08-17,979-982-1869,alex.wilson16@example.com,849
1583,Mike,Wilson,2004-09-03,979-577-6379,mike.wilson12@example.com,721
1584,Alex,Brown,1995-02-12,979-654-9951,alex.brown61@example.com,746
1585,Taylor,Lee,2003-07-08,979-990-3180,taylor.lee41@example.com,166
1586,Chris,Davis,2001-09-27,979-464-6603,chris.davis64@example.com,668
1587,Chris,Davis,1999-10-24,979-406-1858,chris.davis36@example.com,432
1588,Mary,Williams,2000-09-05,979-904-2928,mary.williams61@example.com,330
1589,Mike,Jones,1997-09-01,979-298-1162,mike.jones47@example.com,793
1590,Mary,Brown,2002-09-14,979-997-2979,mary.brown58@example.com,494
1591,Mike,Davis,2004-04-03,979-731-4430,mike.davis71@example.com,105
1592,Mike,Lee,2001-06-20,979-618-9648,mike.lee1@example.com,54
1593,Mike,Lee,1997-10-05,979-438-9892,mike.lee46@example.com,962
1594,Mike,Wilson,1996-09-04,979-982-6791,mike.wilson15@example.com,563
1595,Taylor,Moore,2004-05-04,979-585-2634,taylor.moore87@example.com,418
1596,Sue,Moore,1995-09-04,979-607-7383,sue.moore51@example.com,635
1597,Mary,Jones,2002-03-28,979-709-5193,mary.jones31@example.com,757
1598,Pat,Davis,1999-03-04,979-518-3524,pat.davis10@example.com,768
1599,Pat,Miller,2000-06-26,979-938-3045,pat.miller68@example.com,586
1600,Taylor,Lee,2001-01-08,979-241-8755,taylor.lee6@example.com,497
1601,Alex,Brown,2000-01-08,979-840-7056,alex.brown69@example.com,681
1602,Chris,Wilson,1995-04-25,979-198-1005,chris.wilson52@example.com,692
1603,Sue,Moore,1999-01-27,979-561-3841,sue.moore96@example.com,91
1604,Mike,Smith,1996-09-16,979-923-9579,mike.smith5@example.com,855
1605,Sue,Brown,2000-09-23,979-424-9784,sue.brown6@example.com,824
1606,Chris,Davis,2004-12-28,979-597-1287,chris.davis82@example.com,144
1607,Alex,Williams,2004-10-07,979-752-4885,alex.williams86@example.com,140
1608,Pat,Brown,2003-04-04,979-932-3191,pat.brown61@example.com,788
1609,Sue,Smith,2003-01-10,979-632-2643,sue.smith20@example.com,942
1610,Jane,Doe,1996-11-12,979-600-7576,jane.doe40@example.com,229
1611,Mary,Lee,1996-03-20,979-318-2319,mary.lee80@example.com,598
1612,Peter,Smith,2002-04-06,979-483-1352,peter.smith30@example.com,981
1613,Mike,Miller,2003-05-16,979-526-7638,mike.miller59@example.com,604
1614,Chris,Smith,2001-11-11,979-952-4218,chris.smith44@example.com,128
1615,Chris,Doe,2000-06-11,979-943-2554,chris.doe55@example.com,185
1616,Taylor,Lee,1995-12-22,979-841-4764,taylor.lee97@example.com,676
1617,Jane,Miller,1999-11-20,979-651-9549,jane.miller85@example.com,120
1618,Alex,Moore,1995-04-02,979-307-4554,alex.moore15@example.com,635
1619,Alex,Brown,1996-11-07,979-292-7495,alex.brown89@example.com,634
1620,Jane,Doe,2000-10-25,979-784-2595,jane.doe41@example.com,509
1621,Pat,Williams,1999-10-07,979-393-8538,pat.williams74@example.com,840
1622,Alex,Lee,1997-09-13,979-738-1210,alex.lee21@example.com,854
1623,John,Davis,2001-12-17,979-252-3411,john.davis56@example.com,838
1624,Jane,Brown,2004-03-09,979-262-9367,jane.brown34@example.com,885
1625,Mike,Brown,1998-05-04,979-440-6804,mike.brown75@example.com,1
1626,Pat,Miller,1998-10-19,979-105-7249,pat.miller58@example.com,643
1627,Chris,Miller,1997-03-12,979-574-6593,chris.miller21@example.com,468
1628,Mike,Williams,1998-06-01,979-707-1594,mike.williams41@example.com,606
1629,Taylor,Brown,2000-06-23,979-647-8595,taylor.brown87@example.com,441
1630,Peter,Miller,2001-11-02,979-476-9949,peter.miller75@example.com,144
1631,Alex,Lee,2001-12-15,979-269-5322,alex.lee88@example.com,505
1632,Mike,Miller,2004-12-25,979-775-3199,mike.miller94@example.com,407
1633,Chris,Williams,2004-02-25,979-175-2302,chris.williams51@example.com,343
1634,Alex,Doe,1996-11-18,979-115-3506,alex.doe34@example.com,735
1635,Peter,Lee,2004-11-05,979-596-7647,peter.lee88@example.com,811
1636,John,Moore,2002-11-02,979-616-1502,john.moore11@example.com,781
1637,Alex,Jones,2001-06-02,979-699-6969,alex.jones29@example.com,433
1638,Sue,Doe,2001-03-25,979-674-9644,sue.doe70@example.com,441
1639,Jane,Brown,1997-08-23,979-617-9585,jane.brown40@example.com,403
1640,Chris,Smith,1997-09-11,979-416-4347,chris.smith95@example.com,514
1641,Chris,Williams,2000-07-07,979-170-6841,chris.williams64@example.com,458
1642,Taylor,Moore,2001-05-05,979-246-3694,taylor.moore39@example.com,10
1643,Jane,Davis,1997-01-27,979-624-3269,jane.davis75@example.com,441
1644,Jane,Moore,1997-09-08,979-705-5871,jane.moore61@example.com,585
1645,Mike,Jones,2005-05-05,979-334-2009,mike.jones97@example.com,254
1646,Mike,Miller,1996-01-27,979-189-1244,mike.miller75@example.com,920
1647,Alex,Moore,1999-06-10,979-149-7180,alex.moore84@example.com,329
1648,Jane,Moore,1995-07-18,979-975-6266,jane.moore61@example.com,567
1649,John,Brown,1995-09-11,979-881-8791,john.brown84@example.com,13
1650,Peter,Williams,2001-11-21,979-922-3233,peter.williams26@example.com,965
1651,Alex,Miller,2005-08-27,979-762-6342,alex.miller20@example.com,247
1652,Mary,Miller,2001-04-12,979-628-1070,mary.miller23@example.com,454
1653,Taylor,Lee,1996-10-05,979-440-1971,taylor.lee1@example.com,649
1654,Peter,Jones,1996-11-17,979-620-8764,peter.jones96@example.com,869
1655,Taylor,Miller,2000-06-22,979-813-3410,taylor.miller32@example.com,912
1656,Mary,Moore,1998-10-02,979-603-5588,mary.moore65@example.com,317
1657,Alex,Wilson,1999-12-28,979-456-3018,alex.wilson60@example.com,247
1658,Chris,Williams,2000-07-13,979-645-1162,chris.williams96@example.com,450
1659,Jane,Davis,1999-11-07,979-619-9238,jane.davis90@example.com,753
1660,John,Lee,2005-05-17,979-890-5853,john.lee69@example.com,722
1661,Chris,Lee,1998-12-07,979-663-2853,chris.lee94@example.com,440
1662,Chris,Jones,2001-01-10,979-784-7243,chris.jones76@example.com,298
1663,Mike,Miller,2000-11-05,979-861-4102,mike.miller75@example.com,655
1664,Alex,Moore,2005-05-14,979-485-9485,alex.moore48@example.com,942
1665,Peter,Moore,2003-04-27,979-558-8951,peter.moore98@example.com,438
1666,Mike,Lee,2002-11-21,979-323-4517,mike.lee13@example.com,232
1667,Jane,Wilson,2000-02-05,979-179-3689,jane.wilson46@example.com,693
1668,Taylor,Smith,2004-01-22,979-268-8421,taylor.smith74@example.com,90
1669,Pat,Jones,1995-03-13,979-180-2767,pat.jones6@example.com,410
1670,Mary,Moore,1999-10-06,979-700-9709,mary.moore18@example.com,319
1671,Taylor,Williams,2003-12-03,979-349-4926,taylor.williams9@example.com,404
1672,Mike,Davis,2000-04-10,979-308-6489,mike.davis24@example.com,938
1673,Peter,Moore,2000-01-03,979-727-5178,peter.moore13@example.com,40
1674,Taylor,Miller,2003-11-12,979-563-4980,taylor.miller57@example.com,123
1675,Mary,Moore,2002-03-14,979-323-8080,mary.moore91@example.com,463
1676,Chris,Miller,2000-09-15,979-108-2274,chris.miller38@example.com,340
1677,Mary,Jones,2005-07-16,979-302-6656,mary.jones62@example.com,410
1678,Chris,Williams,1997-08-02,979-159-4956,chris.williams16@example.com,325
1679,Mary,Jones,2000-09-26,979-871-1924,mary.jones88@example.com,703
1680,Mary,Wilson,2000-04-14,979-466-4965,mary.wilson10@example.com,143
1681,Jane,Doe,2005-05-10,979-135-7078,jane.doe34@example.com,623
1682,Mike,Brown,2003-04-06,979-624-4907,mike.brown95@example.com,596
1683,Mary,Williams,2005-10-28,979-963-4635,mary.williams82@example.com,787
1684,Taylor,Lee,1997-03-23,979-407-9827,taylor.lee91@example.com,24
1685,Peter,Brown,2003-04-12,979-638-7352,peter.brown18@example.com,708
1686,Sue,Miller,2005-03-10,979-985-1659,sue.miller61@example.com,943
1687,Alex,Brown,1995-02-24,979-479-8082,alex.brown40@example.com,269
1688,Peter,Doe,2001-07-18,979-237-1497,peter.doe9@example.com,558
1689,Mary,Lee,2003-08-15,979-890-8763,mary.lee36@example.com,865
1690,Taylor,Davis,1998-06-20,979-120-1589,taylor.davis62@example.com,525
1691,Mary,Lee,2000-11-06,979-352-7628,mary.lee65@example.com,267
1692,Jane,Davis,1995-07-23,979-450-7638,jane.davis59@example.com,204
1693,Peter,Smith,2000-04-25,979-736-4207,peter.smith67@example.com,464
1694,John,Wilson,1996-03-08,979-537-8534,john.wilson3@example.com,64
1695,Mary,Jones,1999-10-16,979-436-1614,mary.jones85@example.com,654
1696,Mike,Smith,2001-07-02,979-853-9536,mike.smith18@example.com,584
1697,Mary,Davis,1997-10-13,979-894-8917,mary.davis95@example.com,144
1698,Mike,Moore,2004-09-11,979-379-5548,mike.moore34@example.com,954
1699,Taylor,Miller,1998-04-10,979-342-9535,taylor.miller28@example.com,763
1700,Chris,Lee,1995-08-22,979-424-7766,chris.lee16@example.com,821
1701,Jane,Jones,2004-09-06,979-519-9150,jane.jones29@example.com,322
1702,Pat,Jones,1996-03-07,979-582-6755,pat.jones2@example.com,871
1703,Mary,Smith,1995-01-17,979-381-3201,mary.smith88@example.com,581
1704,Mary,Davis,1995-07-22,979-614-7501,mary.davis14@example.com,507
1705,Sue,Miller,1997-09-18,979-925-9605,sue.miller15@example.com,62
1706,Chris,Smith,1999-02-27,979-465-6798,chris.smith67@example.com,648
1707,Alex,Doe,1999-06-18,979-938-3567,alex.doe31@example.com,577
1708,Mike,Davis,1996-04-25,979-257-6456,mike.davis43@example.com,203
1709,Jane,Williams,2002-07-28,979-900-8753,jane.williams67@example.com,176
1710,John,Williams,1998-11-26,979-435-9881,john.williams73@example.com,38
1711,Taylor,Jones,2002-07-24,979-481-9140,taylor.jones4@example.com,546
1712,Sue,Wilson,1999-09-12,979-528-7896,sue.wilson16@example.com,350
1713,Peter,Lee,2002-09-03,979-520-2826,peter.lee39@example.com,386
1714,Taylor,Williams,1997-04-01,979-723-9119,taylor.williams36@example.com,665
1715,Jane,Doe,2001-10-16,979-340-5291,jane.doe16@example.com,628
1716,Peter,Brown,2001-03-02,979-753-6121,peter.brown45@example.com,50
1717,John,Moore,2004-05-13,979-688-6905,john.moore6@example.com,585
1718,Mike,Williams,1997-10-21,979-210-6194,mike.williams90@example.com,441
1719,Jane,Davis,2002-08-11,979-562-9121,jane.davis49@example.com,338
1720,Mary,Doe,2003-01-03,979-814-4165,mary.doe45@example.com,677
1721,Mike,Smith,2001-12-03,979-145-7152,mike.smith25@example.com,382
1722,Alex,Brown,1999-10-15,979-914-7916,alex.brown64@example.com,321
1723,Mary,Wilson,2004-06-19,979-724-3593,mary.wilson52@example.com,919
1724,Jane,Williams,1998-06-17,979-998-9484,jane.williams40@example.com,506
1725,Chris,Lee,1996-09-06,979-872-6973,chris.lee68@example.com,690
1726,Pat,Brown,2003-02-14,979-897-6248,pat.brown16@example.com,326
1727,Pat,Brown,2001-12-26,979-383-6156,pat.brown15@example.com,318
1728,Peter,Jones,1995-06-16,979-359-9147,peter.jones68@example.com,728
1729,Jane,Miller,2002-12-05,979-961-2117,jane.miller67@example.com,261
1730,John,Doe,1998-05-07,979-993-8599,john.doe91@example.com,710
1731,Alex,Doe,1999-12-03,979-304-8516,alex.doe56@example.com,61
1732,Taylor,Brown,2001-03-05,979-277-4543,taylor.brown22@example.com,971
1733,Chris,Jones,2001-06-17,979-602-9464,chris.jones72@example.com,776
1734,Jane,Moore,1996-11-23,979-903-4441,jane.moore43@example.com,47
1735,John,Brown,1995-08-24,979-250-4273,john.brown68@example.com,631
1736,Taylor,Doe,2003-05-06,979-521-6790,taylor.doe66@example.com,468
1737,John,Jones,2000-06-08,979-801-8868,john.jones16@example.com,917
1738,Sue,Williams,2002-07-23,979-965-7979,sue.williams62@example.com,554
1739,Mike,Brown,1998-09-27,979-476-7645,mike.brown18@example.com,557
1740,Pat,Lee,2003-04-08,979-864-6111,pat.lee6@example.com,374
1741,Sue,Davis,2001-12-06,979-893-5834,sue.davis39@example.com,410
1742,Pat,Williams,2002-10-26,979-248-7823,pat.williams96@example.com,799
1743,Jane,Brown,2000-03-22,979-326-3344,jane.brown1@example.com,757
1744,John,Miller,2001-07-13,979-252-6478,john.miller88@example.com,77
1745,Jane,Lee,1997-06-06,979-277-1927,jane.lee81@example.com,351
1746,Mike,Davis,1997-03-24,979-441-1758,mike.davis97@example.com,428
1747,Alex,Doe,1999-06-18,979-603-3874,alex.doe27@example.com,14
1748,Mike,Miller,2000-10-18,979-371-1314,mike.miller95@example.com,594
1749,John,Brown,2001-09-19,979-788-3396,john.brown91@example.com,572
1750,Taylor,Davis,1996-09-05,979-598-9269,taylor.davis41@example.com,734
1751,Chris,Davis,1996-02-20,979-582-7423,chris.davis39@example.com,816
1752,John,Doe,1996-05-01,979-689-9738,john.doe97@example.com,456
1753,Mary,Lee,1997-10-08,979-374-7355,mary.lee57@example.com,597
1754,John,Smith,2005-11-08,979-130-8646,john.smith50@example.com,206
1755,Sue,Davis,2000-01-24,979-374-2999,sue.davis12@example.com,597
1756,Mike,Jones,1995-09-27,979-206-6324,mike.jones99@example.com,237
1757,John,Smith,1996-06-04,979-224-1025,john.smith28@example.com,348
1758,Pat,Lee,2004-10-26,979-673-1770,pat.lee60@example.com,876
1759,Mary,Smith,2001-04-21,979-500-9787,mary.smith86@example.com,439
1760,Peter,Williams,2004-05-23,979-471-3776,peter.williams10@example.com,878
1761,Sue,Miller,2003-09-25,979-188-1116,sue.miller35@example.com,428
1762,Mary,Doe,2000-03-15,979-843-4534,mary.doe86@example.com,523
1763,Alex,Lee,1998-10-18,979-875-3630,alex.lee57@example.com,93
1764,Chris,Smith,2000-11-14,979-954-6961,chris.smith9@example.com,837
1765,John,Lee,1996-03-11,979-160-5998,john.lee45@example.com,790
1766,John,Williams,2000-08-22,979-642-7658,john.williams15@example.com,164
1767,Taylor,Williams,1997-01-17,979-701-8416,taylor.williams79@example.com,537
1768,Mike,Williams,2000-07-12,979-283-9535,mike.williams90@example.com,633
1769,Taylor,Williams,1996-05-09,979-976-5675,taylor.williams63@example.com,461
1770,Taylor,Williams,2003-04-05,979-931-7225,taylor.williams64@example.com,964
1771,Mike,Jones,2000-01-14,979-426-2523,mike.jones75@example.com,402
1772,Chris,Williams,1997-04-07,979-161-1012,chris.williams54@example.com,134
1773,John,Smith,2001-10-27,979-340-4526,john.smith40@example.com,880
1774,Taylor,Smith,1996-10-15,979-461-7987,taylor.smith76@example.com,539
1775,Alex,Jones,2001-05-04,979-477-7885,alex.jones89@example.com,980
1776,Alex,Davis,1996-03-27,979-938-8447,alex.davis13@example.com,439
1777,Mike,Brown,2000-04-08,979-161-4978,mike.brown87@example.com,661
1778,Pat,Williams,2000-07-08,979-998-5205,pat.williams59@example.com,873
1779,Pat,Williams,1998-02-27,979-998-6748,pat.williams98@example.com,646
1780,Mary,Brown,2000-05-06,979-637-2097,mary.brown30@example.com,133
1781,Chris,Lee,1995-10-10,979-894-4652,chris.lee61@example.com,411
1782,John,Lee,2001-09-26,979-631-9422,john.lee88@example.com,65
1783,Chris,Lee,1996-12-14,979-712-3069,chris.lee26@example.com,453
1784,Jane,Jones,2001-02-04,979-175-7009,jane.jones4@example.com,774
1785,Chris,Moore,1998-06-19,979-528-8333,chris.moore2@example.com,686
1786,John,Jones,1996-07-16,979-972-3987,john.jones70@example.com,862
1787,Chris,Wilson,1997-09-20,979-943-6794,chris.wilson91@example.com,602
1788,Mike,Doe,1995-06-02,979-640-9667,mike.doe66@example.com,612
1789,Pat,Williams,2005-06-06,979-391-3074,pat.williams45@example.com,130
1790,Taylor,Brown,1995-03-25,979-677-3586,taylor.brown88@example.com,402
1791,Mary,Wilson,2000-04-27,979-336-3415,mary.wilson77@example.com,418
1792,Sue,Miller,1999-12-11,979-291-9609,sue.miller68@example.com,940
1793,Sue,Williams,1999-06-28,979-918-5632,sue.williams84@example.com,51
1794,Peter,Jones,1995-07-27,979-359-9830,peter.jones65@example.com,324
1795,Mike,Davis,1998-10-13,979-411-4037,mike.davis36@example.com,756
1796,Mary,Wilson,1997-05-25,979-696-5462,mary.wilson55@example.com,305
1797,Mary,Smith,2000-03-08,979-147-6662,mary.smith40@example.com,448
1798,Mary,Smith,1997-04-12,979-198-7025,mary.smith49@example.com,417
1799,Jane,Miller,2003-08-10,979-375-2883,jane.miller5@example.com,289
1800,Mike,Doe,2000-03-14,979-108-1973,mike.doe32@example.com,778
1801,Taylor,Lee,2004-01-24,979-282-9060,taylor.lee58@example.com,228
1802,Chris,Smith,2001-04-07,979-931-2001,chris.smith37@example.com,21
1803,Pat,Williams,2001-08-22,979-605-8571,pat.williams80@example.com,664
1804,Mike,Wilson,1999-05-07,979-304-7634,mike.wilson97@example.com,24
1805,Alex,Moore,2001-07-22,979-573-1379,alex.moore7@example.com,37
1806,Pat,Davis,1996-09-07,979-271-9184,pat.davis73@example.com,855
1807,John,Jones,1996-09-12,979-541-2201,john.jones76@example.com,578
1808,Mike,Lee,1997-05-15,979-629-3966,mike.lee15@example.com,843
1809,Taylor,Davis,2000-06-19,979-387-6161,taylor.davis85@example.com,460
1810,Alex,Brown,1998-05-23,979-820-2733,alex.brown56@example.com,123
1811,Sue,Smith,2004-08-19,979-587-2386,sue.smith81@example.com,964
1812,John,Miller,2004-06-23,979-278-4309,john.miller56@example.com,568
1813,Mary,Brown,1996-01-03,979-736-4552,mary.brown55@example.com,20
1814,Mike,Doe,2005-02-25,979-483-2895,mike.doe41@example.com,197
1815,Chris,Jones,2000-04-07,979-343-4791,chris.jones72@example.com,709
1816,Sue,Williams,2004-06-22,979-993-8827,sue.williams36@example.com,603
1817,Sue,Jones,1998-09-10,979-187-4302,sue.jones99@example.com,73
1818,Mike,Brown,1995-03-18,979-903-4369,mike.brown61@example.com,71
1819,Peter,Doe,2000-01-03,979-431-7455,peter.doe39@example.com,430
1820,Mike,Jones,1995-02-20,979-383-3482,mike.jones93@example.com,4
1821,Mike,Miller,2002-02-17,979-907-9865,mike.miller84@example.com,446
1822,Peter,Jones,2004-03-22,979-376-2212,peter.jones64@example.com,792
1823,Mary,Brown,2002-05-20,979-485-5086,mary.brown4@example.com,178
1824,Jane,Williams,1996-01-11,979-609-8168,jane.williams15@example.com,769
1825,Mary,Jones,2000-02-27,979-849-8953,mary.jones39@example.com,714
1826,Sue,Davis,2003-03-10,979-868-4464,sue.davis56@example.com,632
1827,Jane,Smith,2004-11-02,979-518-4391,jane.smith66@example.com,701
1828,Taylor,Miller,1997-04-03,979-354-5416,taylor.miller68@example.com,758
1829,Chris,Smith,2005-06-23,979-134-9068,chris.smith47@example.com,820
1830,Jane,Davis,2000-10-23,979-871-3330,jane.davis46@example.com,49
1831,Taylor,Brown,2003-08-11,979-511-8587,taylor.brown56@example.com,774
1832,Mary,Miller,2002-09-11,979-534-1053,mary.miller62@example.com,586
1833,Alex,Doe,2000-11-24,979-991-3893,alex.doe57@example.com,796
1834,Chris,Wilson,1998-01-01,979-563-3795,chris.wilson63@example.com,205
1835,Taylor,Jones,1999-06-16,979-478-9636,taylor.jones13@example.com,411
1836,Sue,Moore,2005-03-09,979-122-5108,sue.moore17@example.com,106
1837,Chris,Davis,2003-01-13,979-192-5808,chris.davis13@example.com,745
1838,Alex,Miller,2003-12-15,979-974-4237,alex.miller12@example.com,730
1839,Taylor,Smith,2000-02-23,979-818-5870,taylor.smith77@example.com,267
1840,Taylor,Doe,1995-08-08,979-675-4384,taylor.doe40@example.com,873
1841,Pat,Jones,2003-07-23,979-178-3629,pat.jones16@example.com,73
1842,Mary,Moore,1997-09-03,979-600-2280,mary.moore64@example.com,153
1843,Sue,Smith,2003-11-12,979-832-3686,sue.smith17@example.com,389
1844,Alex,Wilson,2001-11-04,979-975-6237,alex.wilson34@example.com,586
1845,Chris,Wilson,2004-07-01,979-215-6163,chris.wilson9@example.com,700
1846,Sue,Moore,2001-12-22,979-617-1679,sue.moore67@example.com,289
1847,Taylor,Lee,2001-02-22,979-463-6955,taylor.lee80@example.com,499
1848,Jane,Brown,2003-05-19,979-365-2201,jane.brown57@example.com,431
1849,Taylor,Moore,2002-11-19,979-937-4102,taylor.moore89@example.com,728
1850,Alex,Smith,2004-09-21,979-813-8239,alex.smith7@example.com,248
1851,Jane,Doe,1998-06-04,979-586-8776,jane.doe52@example.com,443
1852,Mary,Davis,2000-10-16,979-908-4167,mary.davis9@example.com,756
1853,John,Lee,2003-10-22,979-427-7114,john.lee40@example.com,663
1854,Mike,Lee,1996-06-21,979-550-5120,mike.lee98@example.com,221
1855,John,Wilson,1999-06-26,979-361-2316,john.wilson75@example.com,380
1856,Pat,Jones,1998-01-08,979-691-9226,pat.jones67@example.com,520
1857,Alex,Lee,2001-06-18,979-820-6281,alex.lee7@example.com,581
1858,Peter,Doe,2005-10-08,979-909-7543,peter.doe76@example.com,946
1859,Mike,Jones,2005-09-08,979-480-2940,mike.jones97@example.com,154
1860,Mike,Lee,1999-11-12,979-941-5702,mike.lee6@example.com,53
1861,Alex,Smith,1997-05-05,979-406-4709,alex.smith21@example.com,858
1862,Mary,Williams,1999-01-18,979-589-3075,mary.williams99@example.com,601
1863,John,Jones,2000-08-07,979-367-6045,john.jones1@example.com,619
1864,Pat,Smith,1997-11-20,979-555-8773,pat.smith1@example.com,837
1865,Sue,Doe,2004-04-10,979-142-2164,sue.doe83@example.com,380
1866,Peter,Smith,2002-06-02,979-976-4015,peter.smith8@example.com,289
1867,Sue,Brown,1999-03-25,979-689-7639,sue.brown18@example.com,597
1868,Sue,Smith,2003-09-24,979-797-1060,sue.smith92@example.com,611
1869,John,Wilson,2004-09-17,979-925-5323,john.wilson34@example.com,402
1870,John,Williams,1995-12-27,979-278-2408,john.williams19@example.com,141
1871,Chris,Wilson,2002-03-26,979-413-8075,chris.wilson57@example.com,885
1872,Peter,Miller,2002-07-17,979-307-1078,peter.miller75@example.com,730
1873,Mike,Jones,1995-07-06,979-604-1031,mike.jones34@example.com,793
1874,Peter,Moore,1996-08-11,979-452-3336,peter.moore65@example.com,417
1875,Peter,Brown,1997-01-08,979-706-3721,peter.brown42@example.com,79
1876,Mary,Lee,2002-02-25,979-418-6976,mary.lee83@example.com,29
1877,Alex,Lee,2003-04-20,979-556-6918,alex.lee90@example.com,53
1878,Mary,Jones,1996-07-20,979-907-1133,mary.jones73@example.com,394
1879,John,Williams,1998-01-09,979-815-4582,john.williams3@example.com,837
1880,Mary,Brown,1999-01-03,979-947-6572,mary.brown62@example.com,71
1881,Sue,Moore,1998-06-20,979-923-9295,sue.moore20@example.com,145
1882,Mike,Jones,2005-04-21,979-504-2849,mike.jones90@example.com,320
1883,Peter,Wilson,1998-08-27,979-424-3391,peter.wilson22@example.com,858
1884,John,Doe,2001-06-09,979-229-8624,john.doe6@example.com,721
1885,Jane,Smith,1998-07-22,979-174-2669,jane.smith89@example.com,841
1886,Peter,Davis,2000-07-15,979-712-8499,peter.davis43@example.com,628
1887,Peter,Jones,2001-04-27,979-176-2024,peter.jones13@example.com,854
1888,Alex,Lee,2004-07-07,979-907-1555,alex.lee93@example.com,512
1889,Mary,Doe,1996-10-08,979-798-1812,mary.doe77@example.com,637
1890,Mike,Lee,1996-09-28,979-338-4344,mike.lee37@example.com,304
1891,Peter,Davis,2001-01-05,979-316-4090,peter.davis61@example.com,955
1892,Sue,Jones,2001-06-26,979-110-7476,sue.jones87@example.com,811
1893,Mike,Doe,2003-04-10,979-245-7385,mike.doe97@example.com,723
1894,Taylor,Davis,2003-09-16,979-178-8503,taylor.davis52@example.com,195
1895,Peter,Williams,1996-07-21,979-364-6454,peter.williams13@example.com,20
1896,Peter,Moore,2005-04-16,979-414-5448,peter.moore42@example.com,315
1897,John,Lee,1995-04-19,979-415-2085,john.lee10@example.com,401
1898,Jane,Moore,1996-03-19,979-737-5936,jane.moore50@example.com,502
1899,Jane,Lee,1995-09-10,979-789-3902,jane.lee5@example.com,124
1900,Pat,Wilson,1996-11-01,979-899-8226,pat.wilson87@example.com,2
